{
	"class_name" : "PinholeCameraParameters",
	"extrinsic" : 
	[
		-0.62432419725824284,
		-0.59005520125534738,
		0.51191225438483334,
		0.0,
		-0.51923205943795137,
		-0.17614448376432923,
		-0.836284155829358,
		0.0,
		0.58362433565580052,
		-0.78791368836371256,
		-0.19640431390225646,
		0.0,
		-2.7773860956501153,
		15.732266391569418,
		299.80234755906895,
		1.0
	],
	"intrinsic" : 
	{
		"height" : 1061,
		"intrinsic_matrix" : 
		[
			918.85295341528945,
			0.0,
			0.0,
			0.0,
			918.85295341528945,
			0.0,
			959.5,
			530.0,
			1.0
		],
		"width" : 1920
	},
	"version_major" : 1,
	"version_minor" : 0
}